{
  "bandSize": 10,
  "boundingBox": {
    "minLat": 40.436495,
    "minLon": -73.424377,
    "maxLat": 41.155910,
    "maxLon": -74.347229
  },
  "yearMin": 1800,
  "yearMax": 1949,
  "minArea": 1500000,
  "buffer": 25,
  "simplifyTolerance": 0.001
}
